{
  "swagger": "2.0",
  "info": {
    "title": "ChapRoom API - Admins",
    "description": "Chaproom Backend Restful-API ( Admins Panel )",
    "version": "1.0"
  },
  "host": "localhost:3000",
  "basePath": "/v1",
  "schemes": ["http", "https"],
  "paths": {
    "/admins/cooperations/id/{id}": {
      "put": {
        "tags": ["Cooperations"],
        "summary": "update or change Cooperation",
        "consumes": ["application/json"],
        "produces": ["application/json"],
        "parameters": [
          {
            "name": "authorization",
            "description": "Bearer Token",
            "in": "header",
            "type": "string",
            "required": true
          },
          {
            "name": "id",
            "in": "path",
            "required": true,
            "type": "string"
          },
          {
            "in": "body",
            "name": "body",
            "required": true,
            "schema": { "$ref": "#/definitions/Cooperations" }
          }
        ],
        "responses": {
          "200": {
            "description": "OK",
            "examples": {
              "application/json": {
                "statusCode": 200,
                "data": {
                  "message": "با موفقعیت آپدیت شد"
                },
                "error": null
              }
            }
          },
          "400": {
            "description": "Bad Request",
            "examples": {
              "application/json": {
                "statusCode": 400,
                "data": null,
                "error": {
                  "message": "این یک خطا است",
                  "details": []
                }
              }
            }
          }
        }
      }
    },
    "/admins/cooperations": {
      "get": {
        "tags": ["Cooperations"],
        "summary": "Cooperations",
        "consumes": ["application/json"],
        "produces": ["application/json"],
        "parameters": [
          {
            "name": "authorization",
            "description": "Bearer Token",
            "in": "header",
            "type": "string",
            "required": true
          },
          {
            "name": "id",
            "in": "path",
            "required": true,
            "type": "string"
          },
          {
            "name": "search",
            "description": "search by phoneNumber",
            "in": "query",
            "type": "string",
            "required": false
          },
          {
            "name": "page",
            "description": "set page number",
            "in": "query",
            "type": "int",
            "required": false
          },
          {
            "name": "pageSize",
            "description": "set pageSize",
            "in": "query",
            "type": "int",
            "required": false
          }
        ],
        "responses": {
          "200": {
            "description": "OK",
            "examples": {
              "application/json": {
                "statusCode": 200,
                "data": {
                  "page": 0,
                  "pageSize": 25,
                  "totalCount": 2,
                  "totalPageLeft": 0,
                  "totalCountLeft": 0,
                  "cooperations": [
                    {
                      "id": 1,
                      "phoneNumber": "09385667274",
                      "description": null,
                      "status": "pending",
                      "createdAt": "2022-10-28T14:45:40.000Z",
                      "updatedAt": "2022-10-28T14:45:40.000Z"
                    },
                    {
                      "id": 2,
                      "phoneNumber": "09385667274",
                      "description": null,
                      "status": "pending",
                      "createdAt": "2022-10-28T14:46:05.000Z",
                      "updatedAt": "2022-10-28T14:46:05.000Z"
                    }
                  ]
                },
                "error": null
              }
            }
          },
          "400": {
            "description": "Bad Request",
            "examples": {
              "application/json": {
                "statusCode": 400,
                "data": null,
                "error": {
                  "message": "این یک خطا است",
                  "details": []
                }
              }
            }
          }
        }
      }
    },
    "/admins/transactions": {
      "get": {
        "tags": ["Transactions"],
        "summary": "Transactions",
        "consumes": ["application/json"],
        "produces": ["application/json"],
        "parameters": [
          {
            "name": "authorization",
            "description": "Bearer Token",
            "in": "header",
            "type": "string",
            "required": true
          },
          {
            "name": "status",
            "description": "set status to filter",
            "in": "query",
            "type": "string",
            "enum": ["pending", "approved", "rejected"],
            "required": false
          },
          {
            "name": "page",
            "description": "set page number",
            "in": "query",
            "type": "int",
            "required": false
          },
          {
            "name": "pageSize",
            "description": "set pageSize",
            "in": "query",
            "type": "int",
            "required": false
          }
        ],
        "responses": {
          "200": {
            "description": "OK",
            "examples": {
              "application/json": {
                "statusCode": 200,
                "data": {
                  "page": 0,
                  "pageSize": 25,
                  "totalCount": 2,
                  "totalPageLeft": 0,
                  "totalCountLeft": 0,
                  "cooperations": [
                    {
                      "id": 1,
                      "phoneNumber": "09385667274",
                      "description": null,
                      "status": "pending",
                      "createdAt": "2022-10-28T14:45:40.000Z",
                      "updatedAt": "2022-10-28T14:45:40.000Z"
                    },
                    {
                      "id": 2,
                      "phoneNumber": "09385667274",
                      "description": null,
                      "status": "pending",
                      "createdAt": "2022-10-28T14:46:05.000Z",
                      "updatedAt": "2022-10-28T14:46:05.000Z"
                    }
                  ]
                },
                "error": null
              }
            }
          },
          "400": {
            "description": "Bad Request",
            "examples": {
              "application/json": {
                "statusCode": 400,
                "data": null,
                "error": {
                  "message": "این یک خطا است",
                  "details": []
                }
              }
            }
          }
        }
      }
    },
    "/admins/auth/login": {
      "post": {
        "tags": ["Admins Auth ( Login & ... )"],
        "summary": "Login admin",
        "consumes": ["application/json"],
        "produces": ["application/json"],
        "parameters": [
          {
            "in": "body",
            "name": "body",
            "required": true,
            "schema": { "$ref": "#/definitions/AdminsLogin" }
          }
        ],
        "responses": {
          "200": {
            "description": "OK",
            "examples": {
              "application/json": {
                "statusCode": 200,
                "data": {
                  "isSuccess": true,
                  "message": "کد ارسال شد",
                  "phoneNumber": "09385667274",
                  "expireAt": "2022-10-17T20:31:30.629Z"
                },
                "error": null
              }
            }
          },
          "422": {
            "description": "Unprocessable Entity",
            "examples": {
              "application/json": {
                "statusCode": 422,
                "data": null,
                "error": {
                  "message": "اینپوت پیدا نشد",
                  "details": [{ "phoneNumber": ["شماره تلفن وارد نشده است"] }]
                }
              }
            }
          },
          "400": {
            "description": "Bad Request",
            "examples": {
              "application/json": {
                "statusCode": 400,
                "data": null,
                "error": {
                  "message": "این یک خطا است",
                  "details": []
                }
              }
            }
          }
        }
      }
    },
    "/admins/users": {
      "post": {
        "tags": ["Users"],
        "summary": "add new user",
        "consumes": ["application/json"],
        "produces": ["application/json"],
        "parameters": [
          {
            "name": "authorization",
            "description": "Bearer Token",
            "in": "header",
            "type": "string",
            "required": true
          },
          {
            "in": "body",
            "name": "body",
            "required": true,
            "schema": { "$ref": "#/definitions/AdminsLogin" }
          }
        ],
        "responses": {
          "200": {
            "description": "OK",
            "examples": {
              "application/json": {
                "statusCode": 200,
                "data": {
                  "isSuccess": true,
                  "message": "کد ارسال شد",
                  "phoneNumber": "09385667274",
                  "expireAt": "2022-10-17T20:31:30.629Z"
                },
                "error": null
              }
            }
          },
          "422": {
            "description": "Unprocessable Entity",
            "examples": {
              "application/json": {
                "statusCode": 422,
                "data": null,
                "error": {
                  "message": "اینپوت پیدا نشد",
                  "details": [{ "phoneNumber": ["شماره تلفن وارد نشده است"] }]
                }
              }
            }
          },
          "400": {
            "description": "Bad Request",
            "examples": {
              "application/json": {
                "statusCode": 400,
                "data": null,
                "error": {
                  "message": "این یک خطا است",
                  "details": []
                }
              }
            }
          }
        }
      },
      "get": {
        "tags": ["Users"],
        "summary": "Get all users",
        "consumes": ["application/json"],
        "produces": ["application/json"],
        "parameters": [
          {
            "name": "authorization",
            "description": "Bearer Token",
            "in": "header",
            "type": "string",
            "required": true
          },
          {
            "name": "page",
            "description": "set page number",
            "in": "query",
            "example": 0,
            "type": "int",
            "required": false
          },
          {
            "name": "pageSize",
            "description": "set pageSize",
            "example": 25,
            "in": "query",
            "type": "int",
            "required": false
          }
        ],
        "responses": {
          "200": {
            "description": "OK",
            "examples": {
              "application/json": {
                "statusCode": 200,
                "data": {
                  "isSuccess": true,
                  "message": "کد ارسال شد",
                  "phoneNumber": "09385667274",
                  "expireAt": "2022-10-17T20:31:30.629Z"
                },
                "error": null
              }
            }
          },
          "422": {
            "description": "Unprocessable Entity",
            "examples": {
              "application/json": {
                "statusCode": 422,
                "data": null,
                "error": {
                  "message": "اینپوت پیدا نشد",
                  "details": [{ "phoneNumber": ["شماره تلفن وارد نشده است"] }]
                }
              }
            }
          },
          "400": {
            "description": "Bad Request",
            "examples": {
              "application/json": {
                "statusCode": 400,
                "data": null,
                "error": {
                  "message": "این یک خطا است",
                  "details": []
                }
              }
            }
          }
        }
      }
    },
    "/admins/addresses/user-id/{userId}": {
      "get": {
        "tags": ["Users Addresses"],
        "summary": "Get User Addresses from userId",
        "consumes": ["application/json"],
        "produces": ["application/json"],
        "parameters": [
          {
            "name": "authorization",
            "description": "Bearer Token",
            "in": "header",
            "type": "string",
            "required": true
          },
          {
            "name": "userId",
            "in": "path",
            "required": true,
            "type": "string"
          },
          {
            "name": "page",
            "description": "set page number",
            "in": "query",
            "example": 0,
            "type": "int",
            "required": false
          },
          {
            "name": "pageSize",
            "description": "set pageSize",
            "example": 25,
            "in": "query",
            "type": "int",
            "required": false
          }
        ],
        "responses": {
          "200": {
            "description": "OK",
            "examples": {
              "application/json": {
                "statusCode": 200,
                "data": {
                  "page": 0,
                  "pageSize": 25,
                  "totalCount": 2,
                  "totalPageLeft": 0,
                  "totalCountLeft": 0,
                  "data": [
                    {
                      "id": 1,
                      "userId": 1,
                      "label": "خانه",
                      "recipientName": "کسری تحویل میگیره",
                      "recipientPhoneNumber": "09385667274",
                      "recipientPostalCode": "4675744151",
                      "recipientDeliveryProvince": "مازندران",
                      "recipientDeliveryCity": "ساری",
                      "recipientDeliveryAddress": "خیابان لاله کوچه بهار پلاک دوازده",
                      "createdAt": "2022-10-25T13:20:27.000Z",
                      "updatedAt": "2022-10-25T13:20:27.000Z",
                      "deletedAt": null
                    },
                    {
                      "id": 3,
                      "userId": 1,
                      "label": "خانه",
                      "recipientName": "کسری تحویل میگیره",
                      "recipientPhoneNumber": "09385667274",
                      "recipientPostalCode": "42675744151",
                      "recipientDeliveryProvince": "مازندران",
                      "recipientDeliveryCity": "ساری",
                      "recipientDeliveryAddress": "خیابان لاله کوچه بهار پلاک دوازده",
                      "createdAt": "2022-10-25T13:20:40.000Z",
                      "updatedAt": "2022-10-25T13:20:40.000Z",
                      "deletedAt": null
                    }
                  ]
                },
                "error": null
              }
            }
          },
          "400": {
            "description": "Bad Request",
            "examples": {
              "application/json": {
                "statusCode": 400,
                "data": null,
                "error": {
                  "message": "این یک خطا است",
                  "details": []
                }
              }
            }
          }
        }
      }
    },
    "/admins/addresses/id/{id}": {
      "get": {
        "tags": ["Users Addresses"],
        "summary": "Get One of Address From Id",
        "consumes": ["application/json"],
        "produces": ["application/json"],
        "parameters": [
          {
            "name": "authorization",
            "description": "Bearer Token",
            "in": "header",
            "type": "string",
            "required": true
          },
          {
            "name": "id",
            "in": "path",
            "required": true,
            "type": "string"
          }
        ],
        "responses": {
          "200": {
            "description": "OK",
            "examples": {
              "application/json": {
                "statusCode": 200,
                "data": {
                  "id": 1,
                  "userId": 1,
                  "label": "خانه",
                  "recipientName": "کسری تحویل میگیره",
                  "recipientPhoneNumber": "09385667274",
                  "recipientPostalCode": "4675744151",
                  "recipientDeliveryProvince": "مازندران",
                  "recipientDeliveryCity": "ساری",
                  "recipientDeliveryAddress": "خیابان لاله کوچه بهار پلاک دوازده",
                  "createdAt": "2022-10-25T13:20:27.000Z",
                  "updatedAt": "2022-10-25T13:20:27.000Z",
                  "deletedAt": null
                },
                "error": null
              }
            }
          },
          "400": {
            "description": "Bad Request",
            "examples": {
              "application/json": {
                "statusCode": 400,
                "data": null,
                "error": {
                  "message": "این یک خطا است",
                  "details": []
                }
              }
            }
          }
        }
      },
      "put": {
        "tags": ["Users Addresses"],
        "summary": "Get One of Address From Id",
        "consumes": ["application/json"],
        "produces": ["application/json"],
        "parameters": [
          {
            "name": "authorization",
            "description": "Bearer Token",
            "in": "header",
            "type": "string",
            "required": true
          },
          {
            "name": "id",
            "in": "path",
            "required": true,
            "type": "string"
          }
        ],
        "responses": {
          "200": {
            "description": "OK",
            "examples": {
              "application/json": {
                "statusCode": 200,
                "data": {
                  "id": 1,
                  "userId": 1,
                  "label": "خانه",
                  "recipientName": "کسری تحویل میگیره",
                  "recipientPhoneNumber": "09385667274",
                  "recipientPostalCode": "4675744151",
                  "recipientDeliveryProvince": "مازندران",
                  "recipientDeliveryCity": "ساری",
                  "recipientDeliveryAddress": "خیابان لاله کوچه بهار پلاک دوازده",
                  "createdAt": "2022-10-25T13:20:27.000Z",
                  "updatedAt": "2022-10-25T13:20:27.000Z",
                  "deletedAt": null
                },
                "error": null
              }
            }
          }
        }
      },
      "400": {
        "description": "Bad Request",
        "examples": {
          "application/json": {
            "statusCode": 400,
            "data": null,
            "error": {
              "message": "این یک خطا است",
              "details": []
            }
          }
        }
      }
    },
    "/admins/withdrawals/id/{id}": {
      "get": {
        "tags": ["Withdrawals"],
        "summary": "Get One Of Withdrawal",
        "consumes": ["application/json"],
        "produces": ["application/json"],
        "parameters": [
          {
            "name": "authorization",
            "description": "Bearer Token",
            "in": "header",
            "type": "string",
            "required": true
          },
          {
            "name": "id",
            "in": "path",
            "required": true,
            "type": "string"
          }
        ],
        "responses": {
          "200": {
            "description": "OK",
            "examples": {
              "application/json": {
                "statusCode": 200,
                "data": {
                  "id": 1,
                  "userId": 1,
                  "recipientName": "کسری تحویل میگیره",
                  "recipientPhoneNumber": "09385667274",
                  "recipientPostalCode": "4675744151",
                  "recipientDeliveryProvince": "مازندران",
                  "recipientDeliveryCity": "ساری",
                  "recipientDeliveryAddress": "خیابان لاله کوچه بهار پلاک دوازده",
                  "createdAt": "2022-10-25T13:20:27.000Z",
                  "updatedAt": "2022-10-25T13:20:27.000Z",
                  "deletedAt": null
                },
                "error": null
              }
            }
          }
        },
        "400": {
          "description": "Bad Request",
          "examples": {
            "application/json": {
              "statusCode": 400,
              "data": null,
              "error": {
                "message": "این یک خطا است",
                "details": []
              }
            }
          }
        }
      },
      "put": {
        "tags": ["Withdrawals"],
        "summary": "Update One Of Withdrawal",
        "consumes": ["application/json"],
        "produces": ["application/json"],
        "parameters": [
          {
            "name": "authorization",
            "description": "Bearer Token",
            "in": "header",
            "type": "string",
            "required": true
          },
          {
            "name": "id",
            "in": "path",
            "required": true,
            "type": "string"
          },
          {
            "in": "body",
            "name": "body",
            "required": true,
            "schema": { "$ref": "#/definitions/Withdrawals" }
          }
        ],
        "responses": {
          "200": {
            "description": "OK",
            "examples": {
              "application/json": {
                "statusCode": 200,
                "data": {
                  "id": 1,
                  "userId": 1,
                  "recipientName": "کسری تحویل میگیره",
                  "recipientPhoneNumber": "09385667274",
                  "recipientPostalCode": "4675744151",
                  "recipientDeliveryProvince": "مازندران",
                  "recipientDeliveryCity": "ساری",
                  "recipientDeliveryAddress": "خیابان لاله کوچه بهار پلاک دوازده",
                  "createdAt": "2022-10-25T13:20:27.000Z",
                  "updatedAt": "2022-10-25T13:20:27.000Z",
                  "deletedAt": null
                },
                "error": null
              }
            }
          },
          "400": {
            "description": "Bad Request",
            "examples": {
              "application/json": {
                "statusCode": 400,
                "data": null,
                "error": {
                  "message": "این یک خطا است",
                  "details": []
                }
              }
            }
          }
        }
      }
    },
    "/admins/withdrawals": {
      "get": {
        "tags": ["Withdrawals"],
        "summary": "Get All withdrawals",
        "consumes": ["application/json"],
        "produces": ["application/json"],
        "parameters": [
          {
            "name": "authorization",
            "description": "Bearer Token",
            "in": "header",
            "type": "string",
            "required": true
          },
          {
            "name": "page",
            "description": "set page number",
            "in": "query",
            "example": 0,
            "type": "int",
            "required": false
          },
          {
            "name": "pageSize",
            "description": "set pageSize",
            "example": 25,
            "in": "query",
            "type": "int",
            "required": false
          }
        ],
        "responses": {
          "200": {
            "description": "OK",
            "examples": {
              "application/json": {
                "statusCode": 200,
                "data": {
                  "page": 0,
                  "pageSize": 25,
                  "totalCount": 1,
                  "totalPageLeft": 0,
                  "totalCountLeft": 0,
                  "data": [
                    {
                      "id": 3,
                      "iban": "123123123123132",
                      "status": "pending",
                      "trackingNumber": null,
                      "amount": 2000,
                      "description": null,
                      "createdAt": "2022-10-25T17:05:29.000Z",
                      "updatedAt": "2022-10-25T17:05:29.000Z",
                      "deletedAt": null,
                      "user": {
                        "id": 1,
                        "name": "Programmer Kasra",
                        "phoneNumber": "09385667274"
                      }
                    }
                  ]
                },
                "error": null
              }
            }
          }
        }
      },
      "400": {
        "description": "Bad Request",
        "examples": {
          "application/json": {
            "statusCode": 400,
            "data": null,
            "error": {
              "message": "این یک خطا است",
              "details": []
            }
          }
        }
      }
    },
    "/users/orders/id/{id}": {
      "get": {
        "tags": ["Users Orders"],
        "summary": "get one of user order from order id",
        "consumes": ["application/json"],
        "produces": ["application/json"],
        "parameters": [
          {
            "name": "authorization",
            "description": "Bearer Token",
            "in": "header",
            "type": "string",
            "required": true
          },
          {
            "name": "id",
            "in": "path",
            "required": true,
            "type": "string"
          }
        ],
        "responses": {
          "200": {
            "description": "OK",
            "examples": {
              "application/json": {
                "statusCode": 200,
                "data": {
                  "id": 1,
                  "orderId": null,
                  "type": "deposit",
                  "status": "approved",
                  "change": "increase",
                  "amount": 10000,
                  "description": "افزایش موجودی کیف پول",
                  "createdAt": "2022-10-19T22:36:39.000Z",
                  "updatedAt": "2022-10-19T22:36:39.000Z",
                  "deletedAt": null
                },
                "error": null
              }
            }
          },
          "400": {
            "description": "Bad Request",
            "examples": {
              "application/json": {
                "statusCode": 400,
                "data": null,
                "error": {
                  "message": "این یک خطا است",
                  "details": []
                }
              }
            }
          }
        }
      },
      "put": {
        "tags": ["Users Orders"],
        "summary": "update or change order data",
        "consumes": ["application/json"],
        "produces": ["application/json"],
        "parameters": [
          {
            "name": "authorization",
            "description": "Bearer Token",
            "in": "header",
            "type": "string",
            "required": true
          },
          {
            "name": "id",
            "in": "path",
            "required": true,
            "type": "string"
          },
          {
            "in": "body",
            "name": "body",
            "required": true,
            "schema": { "$ref": "#/definitions/Orders" }
          }
        ],
        "responses": {
          "200": {
            "description": "OK",
            "examples": {
              "application/json": {
                "statusCode": 200,
                "data": {
                  "id": 1,
                  "orderId": null,
                  "type": "deposit",
                  "status": "approved",
                  "change": "increase",
                  "amount": 10000,
                  "description": "افزایش موجودی کیف پول",
                  "createdAt": "2022-10-19T22:36:39.000Z",
                  "updatedAt": "2022-10-19T22:36:39.000Z",
                  "deletedAt": null
                },
                "error": null
              }
            }
          },
          "400": {
            "description": "Bad Request",
            "examples": {
              "application/json": {
                "statusCode": 400,
                "data": null,
                "error": {
                  "message": "این یک خطا است",
                  "details": []
                }
              }
            }
          }
        }
      }
    },
    "/users/orders": {
      "get": {
        "tags": ["Users Orders"],
        "summary": "get all users orders",
        "consumes": ["application/json"],
        "produces": ["application/json"],
        "parameters": [
          {
            "name": "authorization",
            "description": "Bearer Token",
            "in": "header",
            "type": "string",
            "required": true
          },
          {
            "name": "page",
            "description": "set page number",
            "in": "query",
            "type": "int",
            "required": false
          },
          {
            "name": "pageSize",
            "description": "set pageSize",
            "in": "query",
            "type": "int",
            "required": false
          }
        ],
        "responses": {
          "200": {
            "description": "OK",
            "examples": {
              "application/json": {
                "statusCode": 200,
                "data": {
                  "page": 0,
                  "pageSize": 25,
                  "totalCount": 2,
                  "totalPageLeft": 0,
                  "totalCountLeft": 0,
                  "transactions": [
                    {
                      "id": 1,
                      "orderId": null,
                      "type": "deposit",
                      "status": "successful",
                      "change": "increase",
                      "amount": 10000,
                      "description": "افزایش موجودی کیف پول",
                      "createdAt": "2022-10-19T22:36:39.000Z",
                      "updatedAt": "2022-10-19T22:36:39.000Z",
                      "deletedAt": null
                    },
                    {
                      "id": 2,
                      "orderId": 3,
                      "type": "order",
                      "status": "unsuccessful",
                      "change": "decrease",
                      "amount": 10000,
                      "description": "ثبت سفارش",
                      "createdAt": "2022-10-19T22:36:39.000Z",
                      "updatedAt": "2022-10-19T22:36:39.000Z",
                      "deletedAt": null
                    }
                  ]
                },
                "error": null
              }
            }
          },
          "400": {
            "description": "Bad Request",
            "examples": {
              "application/json": {
                "statusCode": 400,
                "data": null,
                "error": {
                  "message": "این یک خطا است",
                  "details": []
                }
              }
            }
          }
        }
      }
    }
  },

  "securityDefinitions": {
    "bearerAuth": {
      "type": "http",
      "scheme": "bearer",
      "bearerFormat": "JWT",
      "in": "header"
    }
  },
  "definitions": {
    "AdminsLogin": {
      "type": "object",
      "properties": {
        "phoneNumber": { "type": "string", "example": "09385667274" },
        "password": { "type": "string", "example": "kasra" }
      }
    },
    "Withdrawals": {
      "type": "object",
      "properties": {
        "status": {
          "type": "string",
          "example": "rejected",
          "enum": ["rejected", "approved"]
        },
        "description": { "type": "string", "example": "این یک توضیح است" },
        "trackingNumber": { "type": "string", "example": "kasra" }
      }
    },
    "Orders": {
      "type": "object",
      "properties": {
        "status": {
          "type": "string",
          "example": "rejected",
          "enum": ["approved", "rejected", "sent"]
        },
        "postageMethod": { "type": "string", "example": "پست پیشتاز" },
        "description": { "type": "string", "example": "این یک توضیح است" },
        "trackingNumber": { "type": "string", "example": "kasra" },
        "cancelReason": { "type": "string", "example": null }
      }
    },
    "Cooperations": {
      "type": "object",
      "properties": {
        "status": {
          "type": "string",
          "example": "rejected",
          "enum": ["approved", "rejected"]
        },
        "description": { "type": "string", "example": "این یک توضیح است" }
      }
    }
  }
}
