{
  "swagger": "2.0",
  "info": {
    "title": "ChapRoom API - Users",
    "description": "Chaproom Backend Restful-API ( Users Panel )",
    "version": "1.0"
  },
  "host": "localhost:3000",
  "basePath": "/v1",
  "schemes": ["http", "https"],
  "paths": {
    "/users/auth/password-reset": {
      "post": {
        "tags": ["Users Auth ( Login & Register & ... )"],
        "summary": "check user account and Send confirmation code for password reset",
        "consumes": ["application/json"],
        "produces": ["application/json"],
        "parameters": [
          {
            "in": "body",
            "name": "body",
            "required": true,
            "schema": { "$ref": "#/definitions/UsersPasswordReset" }
          }
        ],
        "responses": {
          "200": {
            "description": "OK",
            "examples": {
              "application/json": {
                "statusCode": 200,
                "data": {
                  "isSuccess": true,
                  "message": "کد ارسال شد",
                  "phoneNumber": "09385667274",
                  "expireAt": "2022-10-17T20:31:30.629Z"
                },
                "error": null
              }
            }
          },
          "422": {
            "description": "Unprocessable Entity",
            "examples": {
              "application/json": {
                "statusCode": 422,
                "data": null,
                "error": {
                  "message": "اینپوت پیدا نشد",
                  "details": [{ "phoneNumber": ["شماره تلفن وارد نشده است"] }]
                }
              }
            }
          },
          "400": {
            "description": "Bad Request",
            "examples": {
              "application/json": {
                "statusCode": 400,
                "data": null,
                "error": {
                  "message": " این اکانت قبلا ساخته شده بود ",
                  "details": []
                }
              }
            }
          }
        }
      },
      "put": {
        "tags": ["Users Auth ( Login & Register & ... )"],
        "summary": "submit password reset after confirm code",
        "consumes": ["application/json"],
        "produces": ["application/json"],
        "parameters": [
          {
            "in": "body",
            "name": "body",
            "required": true,
            "schema": {
              "$ref": "#/definitions/UsersSubmitPasswordReset"
            }
          }
        ],
        "responses": {
          "200": {
            "description": "OK",
            "examples": {
              "application/json": {
                "application/json": {
                  "statusCode": 200,
                  "data": {
                    "message": "با موفقعیت آپدیت شد"
                  },
                  "error": null
                }
              }
            }
          },
          "422": {
            "description": "Unprocessable Entity",
            "examples": {
              "application/json": {
                "statusCode": 422,
                "data": null,
                "error": {
                  "message": "اینپوت پیدا نشد",
                  "details": [{ "newPassword": [" رمز عبور وارد نشده است"] }]
                }
              }
            }
          },
          "400": {
            "description": "Bad Request",
            "examples": {
              "application/json": {
                "statusCode": 400,
                "data": null,
                "error": {
                  "message": " این یک خطا است  ",
                  "details": []
                }
              }
            }
          }
        }
      }
    },
    "/users/auth/password-reset/confirm-code": {
      "post": {
        "tags": ["Users Auth ( Login & Register & ... )"],
        "summary": "check confirmation code for password reset",
        "consumes": ["application/json"],
        "produces": ["application/json"],
        "parameters": [
          {
            "in": "body",
            "name": "body",
            "required": true,
            "schema": {
              "$ref": "#/definitions/UsersCheckConfirmationPasswordResetCode"
            }
          }
        ],
        "responses": {
          "200": {
            "description": "OK",
            "examples": {
              "application/json": {
                "statusCode": 200,
                "data": {
                  "isSuccess": true,
                  "passwordResetToken": "GH213123S",
                  "message": "کد ارسال شد",
                  "phoneNumber": "09385667274",
                  "expireAt": "2022-10-17T20:31:30.629Z"
                },
                "error": null
              }
            }
          },
          "422": {
            "description": "Unprocessable Entity",
            "examples": {
              "application/json": {
                "statusCode": 422,
                "data": null,
                "error": {
                  "message": "اینپوت پیدا نشد",
                  "details": [{ "phoneNumber": ["شماره تلفن وارد نشده است"] }]
                }
              }
            }
          },
          "400": {
            "description": "Bad Request",
            "examples": {
              "application/json": {
                "statusCode": 400,
                "data": null,
                "error": {
                  "message": " این اکانت قبلا ساخته شده بود ",
                  "details": []
                }
              }
            }
          }
        }
      }
    },
    "/users/auth/register": {
      "post": {
        "tags": ["Users Auth ( Login & Register & ... )"],
        "summary": "Send confirmation code for Register new user",
        "consumes": ["application/json"],
        "produces": ["application/json"],
        "parameters": [
          {
            "in": "body",
            "name": "body",
            "required": true,
            "schema": { "$ref": "#/definitions/UsersRegister" }
          }
        ],
        "responses": {
          "200": {
            "description": "OK",
            "examples": {
              "application/json": {
                "statusCode": 200,
                "data": {
                  "isSuccess": true,
                  "message": "کد ارسال شد",
                  "phoneNumber": "09385667274",
                  "expireAt": "2022-10-17T20:31:30.629Z"
                },
                "error": null
              }
            }
          },
          "422": {
            "description": "Unprocessable Entity",
            "examples": {
              "application/json": {
                "statusCode": 422,
                "data": null,
                "error": {
                  "message": "اینپوت پیدا نشد",
                  "details": [{ "phoneNumber": ["شماره تلفن وارد نشده است"] }]
                }
              }
            }
          },
          "400": {
            "description": "Bad Request",
            "examples": {
              "application/json": {
                "statusCode": 400,
                "data": null,
                "error": {
                  "message": " این اکانت قبلا ساخته شده بود ",
                  "details": []
                }
              }
            }
          }
        }
      }
    },
    "/users/auth/resend-code": {
      "post": {
        "tags": ["Users Auth ( Login & Register & ... )"],
        "summary": "Resend confirmation code for user",
        "consumes": ["application/json"],
        "produces": ["application/json"],
        "parameters": [
          {
            "in": "body",
            "name": "body",
            "required": true,
            "schema": { "$ref": "#/definitions/UsersResendCode" }
          }
        ],
        "responses": {
          "200": {
            "description": "OK",
            "examples": {
              "application/json": {
                "statusCode": 200,
                "data": {
                  "isSuccess": true,
                  "message": "کد ارسال شد",
                  "phoneNumber": "09385667274",
                  "expireAt": "2022-10-17T20:31:30.629Z"
                },
                "error": null
              }
            }
          },
          "422": {
            "description": "Unprocessable Entity",
            "examples": {
              "application/json": {
                "statusCode": 422,
                "data": null,
                "error": {
                  "message": "اینپوت پیدا نشد",
                  "details": [{ "phoneNumber": ["شماره تلفن وارد نشده است"] }]
                }
              }
            }
          },
          "400": {
            "description": "Bad Request",
            "examples": {
              "application/json": {
                "statusCode": 400,
                "data": null,
                "error": {
                  "message": " این اکانت قبلا ساخته شده بود ",
                  "details": []
                }
              }
            }
          }
        }
      }
    },
    "/users/auth/register/confirm": {
      "post": {
        "tags": ["Users Auth ( Login & Register & ... )"],
        "summary": "confirm your code and Register new user",
        "consumes": ["application/json"],
        "produces": ["application/json"],
        "parameters": [
          {
            "in": "body",
            "name": "body",
            "required": true,
            "schema": { "$ref": "#/definitions/UsersRegisterConfirm" }
          }
        ],
        "responses": {
          "201": {
            "description": "Created",
            "examples": {
              "application/json": {
                "statusCode": 201,
                "data": {
                  "marketingBalance": 0,
                  "balance": 0,
                  "active": true,
                  "id": 1,
                  "phoneNumber": "09385667274",
                  "name": "Programmer Kasra",
                  "password": "This Is A Passowrd!",
                  "updatedAt": "2022-10-06T18:17:07.510Z",
                  "createdAt": "2022-10-06T18:17:07.510Z",
                  "walletBalance": 0,
                  "avatar": null,
                  "token": {
                    "access": "eyJhbGciOiJIUzI1NiIsInR5cCI6IkpXVCJ9.eyJpZCI6MSwicGhvbmUiOiIwOTM4NTY2NzI3NCIsImlzQWRtaW4iOmZhbHNlLCJpYXQiOjE2NjYwMDIxODYsImV4cCI6MTY2OTYwMjE4Nn0.BsYeOciUA1uMfAvx3agupXAWTnYUqldo39tNmSyPHUQ"
                  }
                },
                "error": null
              }
            }
          },
          "422": {
            "description": "Unprocessable Entity",
            "examples": {
              "application/json": {
                "statusCode": 422,
                "data": null,
                "error": {
                  "message": "اینپوت پیدا نشد",
                  "details": [{ "phoneNumber": ["شماره تلفن وارد نشده است"] }]
                }
              }
            }
          },
          "400": {
            "description": "Bad Request",
            "examples": {
              "application/json": {
                "statusCode": 400,
                "data": null,
                "error": {
                  "message": " این اکانت قبلا ساخته شده بود ",
                  "details": []
                }
              }
            }
          }
        }
      }
    },
    "/users/auth/login": {
      "post": {
        "tags": ["Users Auth ( Login & Register & ... )"],
        "summary": "Login user",
        "consumes": ["application/json"],
        "produces": ["application/json"],
        "parameters": [
          {
            "in": "body",
            "name": "body",
            "required": true,
            "schema": { "$ref": "#/definitions/UsersLogin" }
          }
        ],
        "responses": {
          "200": {
            "description": "OK",
            "examples": {
              "application/json": {
                "statusCode": 200,
                "data": {
                  "id": 1,
                  "name": "Programmer Kasra",
                  "phoneNumber": "09385667274",
                  "marketingBalance": 0,
                  "balance": 0,
                  "createdAt": "2022-10-12T10:48:45.000Z",
                  "updatedAt": "2022-10-14T19:21:59.000Z",
                  "walletBalance": 0,
                  "avatar": null,
                  "token": {
                    "access": "eyJhbGciOiJIUzI1NiIsInR5cCI6IkpXVCJ9.eyJpZCI6MSwicGhvbmUiOiIwOTM4NTY2NzI3NCIsImlzQWRtaW4iOmZhbHNlLCJpYXQiOjE2NjYwMDIxODYsImV4cCI6MTY2OTYwMjE4Nn0.BsYeOciUA1uMfAvx3agupXAWTnYUqldo39tNmSyPHUQ"
                  }
                },
                "error": null
              }
            }
          },
          "422": {
            "description": "Unprocessable Entity",
            "examples": {
              "application/json": {
                "statusCode": 422,
                "data": null,
                "error": {
                  "message": "اینپوت پیدا نشد",
                  "details": [{ "phoneNumber": ["شماره تلفن وارد نشده است"] }]
                }
              }
            }
          },
          "400": {
            "description": "Bad Request",
            "examples": {
              "application/json": {
                "statusCode": 400,
                "data": null,
                "error": {
                  "message": "نام کاربری یا رمزعبور اشتباه میباشد",
                  "details": []
                }
              }
            }
          }
        }
      }
    },
    "/users/dashboard": {
      "get": {
        "tags": ["Users Dashboard"],
        "summary": "get dashboard",
        "consumes": ["application/json"],
        "produces": ["application/json"],
        "parameters": [
          {
            "name": "authorization",
            "description": "Bearer Token",
            "in": "header",
            "type": "string",
            "required": true
          }
        ],
        "responses": {
          "200": {
            "description": "OK",
            "examples": {
              "application/json": {
                "statusCode": 200,
                "data": {
                  "id": 24,
                  "name": "Programmer Kasra",
                  "phoneNumber": "09385667274",
                  "marketingBalance": 0,
                  "balance": 10000,
                  "active": true,
                  "createdAt": "2022-10-19T21:33:07.000Z",
                  "updatedAt": "2022-10-19T22:36:39.000Z",
                  "deletedAt": null,
                  "walletBalance": 10000,
                  "avatar": null,
                  "inProgressOrders": [
                    {
                      "id": 3,
                      "status": "pending",
                      "amount": 15000,
                      "createdAt": "2022-10-19T22:34:30.000Z",
                      "updatedAt": "2022-10-19T22:36:39.000Z"
                    }
                  ]
                },
                "error": null
              }
            }
          },
          "400": {
            "description": "Bad Request",
            "examples": {
              "application/json": {
                "statusCode": 400,
                "data": null,
                "error": {
                  "message": "این یک خطا است",
                  "details": []
                }
              }
            }
          }
        }
      }
    },
    "/users/profile": {
      "put": {
        "tags": ["Users Profile"],
        "summary": "Change Profile Information ( password & name )",
        "consumes": ["application/json"],
        "produces": ["application/json"],
        "parameters": [
          {
            "name": "authorization",
            "description": "Bearer Token",
            "in": "header",
            "type": "string",
            "required": true
          },
          {
            "in": "body",
            "name": "body",
            "required": true,
            "schema": { "$ref": "#/definitions/UsersProfile" }
          }
        ],
        "responses": {
          "200": {
            "description": "OK",
            "examples": {
              "application/json": {
                "statusCode": 200,
                "data": {
                  "message": "با موفقعیت آپدیت شد"
                },
                "error": null
              }
            }
          },
          "422": {
            "description": "Unprocessable Entity",
            "examples": {
              "application/json": {
                "statusCode": 422,
                "data": null,
                "error": {
                  "message": "اینپوت پیدا نشد",
                  "details": [{ "name": [" نام اشتباه وارد شده است است"] }]
                }
              }
            }
          },
          "400": {
            "description": "Bad Request",
            "examples": {
              "application/json": {
                "statusCode": 400,
                "data": null,
                "error": {
                  "message": "رمزعبور نا امن میباشد",
                  "details": []
                }
              }
            }
          }
        }
      },
      "get": {
        "tags": ["Users Profile"],
        "summary": "Get user profile",
        "consumes": ["application/json"],
        "produces": ["application/json"],
        "parameters": [
          {
            "name": "authorization",
            "description": "Bearer Token",
            "in": "header",
            "type": "string",
            "required": true
          }
        ],
        "responses": {
          "200": {
            "description": "OK",
            "examples": {
              "application/json": {
                "statusCode": 200,
                "data": {
                  "id": 1,
                  "name": "Programmer Kasra",
                  "phoneNumber": "09385667274",
                  "marketingBalance": 0,
                  "balance": 0,
                  "createdAt": "2022-10-12T10:48:45.000Z",
                  "updatedAt": "2022-10-14T19:21:59.000Z",
                  "walletBalance": 0,
                  "avatar": null
                },
                "error": null
              }
            }
          },
          "400": {
            "description": "Bad Request",
            "examples": {
              "application/json": {
                "statusCode": 400,
                "data": null,
                "error": {
                  "message": "در گرفتن اطلاعات دچار مشکل شدیم",
                  "details": []
                }
              }
            }
          }
        }
      }
    },
    "/users/files/id/{id}": {
      "delete": {
        "tags": ["Users Files"],
        "summary": "Delete file",
        "consumes": ["multipart/form-data"],
        "produces": ["multipart/form-data"],
        "parameters": [
          {
            "name": "authorization",
            "description": "Bearer Token",
            "in": "header",
            "type": "string",
            "required": true
          },
          {
            "name": "id",
            "in": "path",
            "required": true,
            "type": "string"
          }
        ]
      }
    },
    "/users/files": {
      "post": {
        "tags": ["Users Files"],
        "summary": "Upload new file",
        "consumes": ["multipart/form-data"],
        "produces": ["multipart/form-data"],
        "parameters": [
          {
            "name": "authorization",
            "description": "Bearer Token",
            "in": "header",
            "type": "string",
            "required": true
          },
          {
            "in": "formData",
            "name": "attachment",
            "type": "file",
            "required": true
          }
        ]
      }
    },
    "/users/folders": {
      "post": {
        "tags": ["Users Folders"],
        "summary": "create new folder",
        "consumes": ["application/json"],
        "produces": ["application/json"],
        "parameters": [
          {
            "name": "authorization",
            "description": "Bearer Token",
            "in": "header",
            "type": "string",
            "required": true
          },
          {
            "in": "body",
            "name": "body",
            "required": true,
            "schema": { "$ref": "#/definitions/UsersFolders" }
          }
        ],
        "responses": {
          "201": {
            "description": "Created",
            "examples": {
              "application/json": {
                "statusCode": 201,
                "data": {
                  "message": "درخواست شما با موفقعیت ثبت شد"
                },
                "error": null
              }
            }
          },
          "422": {
            "description": "Unprocessable Entity",
            "examples": {
              "application/json": {
                "statusCode": 422,
                "data": null,
                "error": {
                  "message": "اینپوت پیدا نشد",
                  "details": [{ "size": ["سایز صفحه مشخص نشده است"] }]
                }
              }
            }
          },
          "400": {
            "description": "Bad Request",
            "examples": {
              "application/json": {
                "statusCode": 400,
                "data": null,
                "error": {
                  "message": "مشکلی پیش آمده است",
                  "details": []
                }
              }
            }
          }
        }
      },
      "get": {
        "tags": ["Users Folders"],
        "summary": "get open folders",
        "consumes": ["application/json"],
        "produces": ["application/json"],
        "parameters": [
          {
            "name": "authorization",
            "description": "Bearer Token",
            "in": "header",
            "type": "string",
            "required": true
          }
        ],
        "responses": {
          "200": {
            "description": "OK",
            "examples": {
              "application/json": {
                "statusCode": 200,
                "data": [
                  {
                    "id": 1,
                    "color": "full_color",
                    "side": "single_sided",
                    "size": "a4",
                    "countOfPages": 6,
                    "uploadedPages": 2,
                    "countOfCopies": 6,
                    "description": "این یک توضیح است",
                    "shipmentPrice": 5000,
                    "countOfFiles": 1,
                    "filesUrl": "https://google.com",
                    "amount": 7000,
                    "telegramUploadFile": false,
                    "whatsappUploadFile": false,
                    "createdAt": "2022-10-26T22:44:44.000Z",
                    "updatedAt": "2022-10-26T22:44:44.000Z",
                    "binding": {
                      "type": "stapler",
                      "method": "each_file_separated",
                      "countOfFiles": 1,
                      "coverColor": "colorful"
                    },
                    "files": [
                      {
                        "id": 1,
                        "uploadedName": "f.pdf3",
                        "name": "f.pdf3",
                        "url": "https://google.com/f.pdf",
                        "countOfPages": 2,
                        "createdAt": "2022-10-26T22:41:56.000Z",
                        "updatedAt": "2022-10-26T22:41:56.000Z"
                      }
                    ]
                  },
                  {
                    "id": 2,
                    "color": "full_color",
                    "side": "single_sided",
                    "size": "a4",
                    "countOfPages": 6,
                    "uploadedPages": 2,
                    "countOfCopies": 6,
                    "description": "این یک توضیح است",
                    "shipmentPrice": 5000,
                    "countOfFiles": 1,
                    "filesUrl": "https://google.com",
                    "amount": 7000,
                    "telegramUploadFile": false,
                    "whatsappUploadFile": false,
                    "createdAt": "2022-10-26T22:54:01.000Z",
                    "updatedAt": "2022-10-26T22:54:01.000Z",
                    "binding": null,
                    "files": [
                      {
                        "id": 1,
                        "uploadedName": "f.pdf3",
                        "name": "f.pdf3",
                        "url": "https://google.com/f.pdf",
                        "countOfPages": 2,
                        "createdAt": "2022-10-26T22:41:56.000Z",
                        "updatedAt": "2022-10-26T22:41:56.000Z"
                      }
                    ]
                  }
                ],
                "error": null
              }
            }
          },
          "422": {
            "description": "Unprocessable Entity",
            "examples": {
              "application/json": {
                "statusCode": 422,
                "data": null,
                "error": {
                  "message": "اینپوت پیدا نشد",
                  "details": [{ "size": ["سایز صفحه مشخص نشده است"] }]
                }
              }
            }
          },
          "400": {
            "description": "Bad Request",
            "examples": {
              "application/json": {
                "statusCode": 400,
                "data": null,
                "error": {
                  "message": "مشکلی پیش آمده است",
                  "details": []
                }
              }
            }
          }
        }
      }
    },
    "/users/wallets/deposit": {
      "post": {
        "tags": ["Users Wallet"],
        "summary": "create new deposit payment url for increase wallet balance",
        "consumes": ["application/json"],
        "produces": ["application/json"],
        "parameters": [
          {
            "name": "authorization",
            "description": "Bearer Token",
            "in": "header",
            "type": "string",
            "required": true
          },
          {
            "in": "body",
            "name": "body",
            "required": true,
            "schema": { "$ref": "#/definitions/UsersDeposit" }
          }
        ],
        "responses": {
          "201": {
            "description": "Created",
            "examples": {
              "application/json": {
                "statusCode": 201,
                "data": {
                  "message": "درخواست شما با موفقعیت ثبت شد",
                  "paymentUrl": "https://sandbox.zarinpal.com/pg/StartPay/000000000000000000000000000000956163",
                  "amount": 1000
                },
                "error": null
              }
            }
          },
          "422": {
            "description": "Unprocessable Entity",
            "examples": {
              "application/json": {
                "statusCode": 422,
                "data": null,
                "error": {
                  "message": "اینپوت پیدا نشد",
                  "details": [{ "amount": ["مبلغ نادرست"] }]
                }
              }
            }
          },
          "400": {
            "description": "Bad Request",
            "examples": {
              "application/json": {
                "statusCode": 400,
                "data": null,
                "error": {
                  "message": "مشکلی پیش آمده است",
                  "details": []
                }
              }
            }
          }
        }
      }
    },
    "/users/folders/id/{id}": {
      "put": {
        "tags": ["Users Folders"],
        "summary": "edit folder",
        "consumes": ["application/json"],
        "produces": ["application/json"],
        "parameters": [
          {
            "name": "authorization",
            "description": "Bearer Token",
            "in": "header",
            "type": "string",
            "required": true
          },
          {
            "name": "id",
            "in": "path",
            "required": true,
            "type": "string"
          },
          {
            "in": "body",
            "name": "body",
            "required": true,
            "schema": { "$ref": "#/definitions/UsersFolders" }
          }
        ],
        "responses": {
          "200": {
            "description": "OK",
            "examples": {
              "application/json": {
                "statusCode": 200,
                "data": {
                  "message": "با موفقعیت آپدیت شد"
                },
                "error": null
              }
            }
          },
          "422": {
            "description": "Unprocessable Entity",
            "examples": {
              "application/json": {
                "statusCode": 422,
                "data": null,
                "error": {
                  "message": "اینپوت پیدا نشد",
                  "details": [{ "size": ["سایز صفحه مشخص نشده است"] }]
                }
              }
            }
          },
          "400": {
            "description": "Bad Request",
            "examples": {
              "application/json": {
                "statusCode": 400,
                "data": null,
                "error": {
                  "message": "مشکلی پیش آمده است",
                  "details": []
                }
              }
            }
          }
        }
      },
      "get": {
        "tags": ["Users Folders"],
        "summary": "get single open folder",
        "consumes": ["application/json"],
        "produces": ["application/json"],
        "parameters": [
          {
            "name": "authorization",
            "description": "Bearer Token",
            "in": "header",
            "type": "string",
            "required": true
          },
          {
            "name": "id",
            "in": "path",
            "required": true,
            "type": "string"
          }
        ],
        "responses": {
          "200": {
            "description": "OK",
            "examples": {
              "application/json": {
                "statusCode": 200,
                "data": {
                  "id": 1,
                  "color": "full_color",
                  "side": "single_sided",
                  "size": "a4",
                  "countOfPages": 6,
                  "uploadedPages": 2,
                  "countOfCopies": 6,
                  "description": "این یک توضیح است",
                  "shipmentPrice": 5000,
                  "countOfFiles": 1,
                  "filesUrl": "https://google.com",
                  "amount": 7000,
                  "telegramUploadFile": false,
                  "whatsappUploadFile": false,
                  "createdAt": "2022-10-26T22:44:44.000Z",
                  "updatedAt": "2022-10-26T22:44:44.000Z",
                  "binding": {
                    "type": "stapler",
                    "method": "each_file_separated",
                    "countOfFiles": 1,
                    "coverColor": "colorful"
                  },
                  "files": [
                    {
                      "id": 1,
                      "uploadedName": "f.pdf3",
                      "name": "f.pdf3",
                      "url": "https://google.com/f.pdf",
                      "countOfPages": 2,
                      "createdAt": "2022-10-26T22:41:56.000Z",
                      "updatedAt": "2022-10-26T22:41:56.000Z"
                    }
                  ]
                },
                "error": null
              }
            }
          },
          "422": {
            "description": "Unprocessable Entity",
            "examples": {
              "application/json": {
                "statusCode": 422,
                "data": null,
                "error": {
                  "message": "اینپوت پیدا نشد",
                  "details": [{ "size": ["سایز صفحه مشخص نشده است"] }]
                }
              }
            }
          },
          "400": {
            "description": "Bad Request",
            "examples": {
              "application/json": {
                "statusCode": 400,
                "data": null,
                "error": {
                  "message": "مشکلی پیش آمده است",
                  "details": []
                }
              }
            }
          }
        }
      },
      "delete": {
        "tags": ["Users Folders"],
        "summary": "delete single  folder",
        "consumes": ["application/json"],
        "produces": ["application/json"],
        "parameters": [
          {
            "name": "authorization",
            "description": "Bearer Token",
            "in": "header",
            "type": "string",
            "required": true
          },
          {
            "name": "id",
            "in": "path",
            "required": true,
            "type": "string"
          }
        ],
        "responses": {
          "200": {
            "description": "OK",
            "examples": {
              "application/json": {
                "statusCode": 200,
                "data": {
                  "message": "با موفقعیت پاک شد"
                },
                "error": null
              }
            }
          },
          "400": {
            "description": "Bad Request",
            "examples": {
              "application/json": {
                "statusCode": 400,
                "data": null,
                "error": {
                  "message": "مشکلی پیش آمده است",
                  "details": []
                }
              }
            }
          }
        }
      }
    },
    "/users/addresses": {
      "post": {
        "tags": ["Users Addresses"],
        "summary": "Add new address",
        "consumes": ["application/json"],
        "produces": ["application/json"],
        "parameters": [
          {
            "name": "authorization",
            "description": "Bearer Token",
            "in": "header",
            "type": "string",
            "required": true
          },
          {
            "in": "body",
            "name": "body",
            "required": true,
            "schema": { "$ref": "#/definitions/UsersAddresses" }
          }
        ],
        "responses": {
          "201": {
            "description": "Created",
            "examples": {
              "application/json": {
                "statusCode": 201,
                "data": {
                  "message": "درخواست شما با موفقعیت ثبت شد"
                },
                "error": null
              }
            }
          },
          "422": {
            "description": "Unprocessable Entity",
            "examples": {
              "application/json": {
                "statusCode": 422,
                "data": null,
                "error": {
                  "message": "اینپوت پیدا نشد",
                  "details": [
                    {
                      "recipientPhoneNumber": ["شماره تلفن مقصد نامعتبر است"]
                    },
                    {
                      "recipientDeliveryProvince": ["استان نامعتبر است"]
                    }
                  ]
                }
              }
            }
          },
          "400": {
            "description": "Bad Request",
            "examples": {
              "application/json": {
                "statusCode": 400,
                "data": null,
                "error": {
                  "message": "این آدرس قبلا درج شده است",
                  "details": []
                }
              }
            }
          }
        }
      },
      "get": {
        "tags": ["Users Addresses"],
        "summary": "Get All addresses",
        "consumes": ["application/json"],
        "produces": ["application/json"],
        "parameters": [
          {
            "name": "authorization",
            "description": "Bearer Token",
            "in": "header",
            "type": "string",
            "required": true
          },
          {
            "name": "page",
            "description": "set page number",
            "in": "query",
            "type": "int",
            "required": false
          },
          {
            "name": "pageSize",
            "description": "set pageSize",
            "in": "query",
            "type": "int",
            "required": false
          }
        ],
        "responses": {
          "200": {
            "description": "OK",
            "examples": {
              "application/json": {
                "statusCode": 200,
                "data": {
                  "page": 0,
                  "pageSize": 25,
                  "totalCount": 1,
                  "totalPageLeft": 0,
                  "totalCountLeft": 0,
                  "addresses": [
                    {
                      "id": 2,
                      "recipientName": "کسری تحویل میگیره",
                      "recipientPhoneNumber": "09385667274",
                      "recipientPostalCode": "4675744151",
                      "recipientDeliveryProvince": "مازندران",
                      "recipientDeliveryCity": "ساری",
                      "recipientDeliveryAddress": "خیابان لاله کوچه بهار پلاک دوازده",
                      "createdAt": "2022-10-25T18:53:08.000Z",
                      "updatedAt": "2022-10-25T18:53:08.000Z",
                      "deletedAt": null
                    }
                  ]
                },
                "error": null
              }
            }
          },
          "400": {
            "description": "Bad Request",
            "examples": {
              "application/json": {
                "statusCode": 400,
                "data": null,
                "error": {
                  "message": "مشکل در فراخوانی داده ها",
                  "details": []
                }
              }
            }
          }
        }
      }
    },
    "/users/addresses/id/{id}": {
      "get": {
        "tags": ["Users Addresses"],
        "summary": "Get Single address",
        "consumes": ["application/json"],
        "produces": ["application/json"],
        "parameters": [
          {
            "name": "authorization",
            "description": "Bearer Token",
            "in": "header",
            "type": "string",
            "required": true
          },
          {
            "name": "id",
            "in": "path",
            "required": true,
            "type": "string"
          }
        ],
        "responses": {
          "200": {
            "description": "OK",
            "examples": {
              "application/json": {
                "statusCode": 200,
                "data": {
                  "id": 1,
                  "recipientName": "کسری تحویل میگیرم",
                  "recipientPhoneNumber": "09385667274",
                  "recipientPostalCode": "4675744151",
                  "recipientDeliveryProvince": "مازندران",
                  "recipientDeliveryCity": "ساری",
                  "recipientDeliveryAddress": "خیابان لاله کوچه بهار پلاک دوازده"
                },
                "error": null
              }
            }
          }
        }
      },
      "delete": {
        "tags": ["Users Addresses"],
        "summary": "Delete addresses",
        "consumes": ["application/json"],
        "produces": ["application/json"],
        "parameters": [
          {
            "name": "authorization",
            "description": "Bearer Token",
            "in": "header",
            "type": "string",
            "required": true
          },
          {
            "name": "id",
            "in": "path",
            "required": true,
            "type": "string"
          }
        ],
        "responses": {
          "200": {
            "description": "OK",
            "examples": {
              "application/json": {
                "statusCode": 200,
                "data": {
                  "message": "با موفقعیت پاک شد"
                },
                "error": null
              }
            }
          },
          "400": {
            "description": "Bad Request",
            "examples": {
              "application/json": {
                "statusCode": 400,
                "data": null,
                "error": {
                  "message": "امکان پاک کردن این رکورد وجود ندارد",
                  "details": []
                }
              }
            }
          }
        }
      },
      "put": {
        "tags": ["Users Addresses"],
        "summary": "Update ( change ) address",
        "consumes": ["application/json"],
        "produces": ["application/json"],
        "parameters": [
          {
            "name": "authorization",
            "description": "Bearer Token",
            "in": "header",
            "type": "string",
            "required": true
          },
          {
            "name": "id",
            "in": "path",
            "required": true,
            "type": "string"
          },
          {
            "in": "body",
            "name": "body",
            "required": true,
            "schema": { "$ref": "#/definitions/UsersAddresses" }
          }
        ],
        "responses": {
          "200": {
            "description": "OK",
            "examples": {
              "application/json": {
                "statusCode": 200,
                "data": {
                  "message": "با موفقعیت آپدیت شد"
                },
                "error": null
              }
            }
          },
          "422": {
            "description": "Unprocessable Entity",
            "examples": {
              "application/json": {
                "statusCode": 422,
                "data": null,
                "error": {
                  "message": "اینپوت پیدا نشد",
                  "details": [
                    {
                      "recipientPhoneNumber": ["شماره تلفن مقصد نامعتبر است"]
                    },
                    {
                      "recipientDeliveryProvince": ["استان نامعتبر است"]
                    }
                  ]
                }
              }
            }
          },
          "400": {
            "description": "Bad Request",
            "examples": {
              "application/json": {
                "statusCode": 400,
                "data": null,
                "error": {
                  "message": "این داده قبلا درج شده بود",
                  "details": []
                }
              }
            }
          }
        }
      }
    },
    "/users/wallets/withdrawal": {
      "post": {
        "tags": ["Users Wallet"],
        "summary": "Add new withdrawal from user",
        "consumes": ["application/json"],
        "produces": ["application/json"],
        "parameters": [
          {
            "name": "authorization",
            "description": "Bearer Token",
            "in": "header",
            "type": "string",
            "required": true
          },
          {
            "in": "body",
            "name": "body",
            "required": true,
            "schema": { "$ref": "#/definitions/UsersWithdrawal" }
          }
        ],
        "responses": {
          "201": {
            "description": "Created",
            "examples": {
              "application/json": {
                "statusCode": 201,
                "data": {
                  "message": "درخواست شما با موفقعیت ثبت شد"
                },
                "error": null
              }
            }
          },
          "422": {
            "description": "Unprocessable Entity",
            "examples": {
              "application/json": {
                "statusCode": 422,
                "data": null,
                "error": {
                  "message": "اینپوت پیدا نشد",
                  "details": [
                    {
                      "recipientPhoneNumber": ["شماره تلفن مقصد نامعتبر است"]
                    },
                    {
                      "recipientDeliveryProvince": ["استان نامعتبر است"]
                    }
                  ]
                }
              }
            }
          },
          "400": {
            "description": "Bad Request",
            "examples": {
              "application/json": {
                "statusCode": 400,
                "data": null,
                "error": {
                  "message": "این داده قبلا درج شده بود",
                  "details": []
                }
              }
            }
          }
        }
      }
    },
    "/public/contact-us": {
      "post": {
        "tags": ["Public"],
        "summary": "create new contact-us message",
        "consumes": ["application/json"],
        "produces": ["application/json"],
        "parameters": [
          {
            "in": "body",
            "name": "body",
            "required": true,
            "schema": { "$ref": "#/definitions/ContactUs" }
          }
        ],
        "responses": {
          "201": {
            "description": "Created",
            "examples": {
              "application/json": {
                "statusCode": 201,
                "data": {
                  "message": "درخواست شما با موفقعیت ثبت شد"
                },
                "error": null
              }
            }
          },
          "422": {
            "description": "Unprocessable Entity",
            "examples": {
              "application/json": {
                "statusCode": 422,
                "data": null,
                "error": {
                  "message": "اینپوت پیدا نشد",
                  "details": [{ "name": ["شماره تلفن مقصد نامعتبر است"] }]
                }
              }
            }
          },
          "400": {
            "description": "Bad Request",
            "examples": {
              "application/json": {
                "statusCode": 400,
                "data": null,
                "error": {
                  "message": "این یک خطا است",
                  "details": []
                }
              }
            }
          }
        }
      }
    },
    "/public/referrals/view": {
      "put": {
        "tags": ["Public"],
        "summary": "increase referral slug view",
        "consumes": ["application/json"],
        "produces": ["application/json"],
        "parameters": [
          {
            "in": "body",
            "name": "body",
            "required": true,
            "schema": { "$ref": "#/definitions/ReferralsIncreaseView" }
          }
        ],
        "responses": {
          "200": {
            "description": "OK",
            "examples": {
              "application/json": {
                "statusCode": 200,
                "data": {
                  "message": "با موفقعیت آپدیت شد"
                },
                "error": null
              }
            }
          },
          "422": {
            "description": "Unprocessable Entity",
            "examples": {
              "application/json": {
                "statusCode": 422,
                "data": null,
                "error": {
                  "message": "اینپوت پیدا نشد",
                  "details": [{ "slug": ["اسلاگ نامعتبر است"] }]
                }
              }
            }
          },
          "400": {
            "description": "Bad Request",
            "examples": {
              "application/json": {
                "statusCode": 400,
                "data": null,
                "error": {
                  "message": "این یک خطا است",
                  "details": []
                }
              }
            }
          }
        }
      }
    },
    "/public/cooperations": {
      "post": {
        "tags": ["Public"],
        "summary": "create new cooperation message ( this request needed use in home page - Hamkari ba moasesat )",
        "consumes": ["application/json"],
        "produces": ["application/json"],
        "parameters": [
          {
            "in": "body",
            "name": "body",
            "required": true,
            "schema": { "$ref": "#/definitions/Cooperation" }
          }
        ],
        "responses": {
          "201": {
            "description": "Created",
            "examples": {
              "application/json": {
                "statusCode": 201,
                "data": {
                  "message": "درخواست شما با موفقعیت ثبت شد"
                },
                "error": null
              }
            }
          },
          "422": {
            "description": "Unprocessable Entity",
            "examples": {
              "application/json": {
                "statusCode": 422,
                "data": null,
                "error": {
                  "message": "اینپوت پیدا نشد",
                  "details": [{ "phoneNumber": ["شماره تلفن نامعتبر است"] }]
                }
              }
            }
          },
          "400": {
            "description": "Bad Request",
            "examples": {
              "application/json": {
                "statusCode": 400,
                "data": null,
                "error": {
                  "message": "این یک خطا است",
                  "details": []
                }
              }
            }
          }
        }
      }
    },
    "/users/orders/id/{id}": {
      "get": {
        "tags": ["Users Orders"],
        "summary": "get one of order",
        "consumes": ["application/json"],
        "produces": ["application/json"],
        "parameters": [
          {
            "name": "authorization",
            "description": "Bearer Token",
            "in": "header",
            "type": "string",
            "required": true
          },
          {
            "name": "id",
            "in": "path",
            "required": true,
            "type": "string"
          }
        ],
        "responses": {
          "200": {
            "description": "OK",
            "examples": {
              "application/json": {
                "statusCode": 200,
                "data": {
                  "id": 3,
                  "status": "pending",
                  "amount": 15000,
                  "postageMethod": "پست پیشتاز",
                  "postageFee": null,
                  "recipientName": "کسری تحویل میگیره",
                  "recipientPhoneNumber": "09385667274",
                  "recipientPostalCode": "4675744151",
                  "recipientDeliveryProvince": "مازندران",
                  "recipientDeliveryCity": "ساری",
                  "recipientDeliveryAddress": "خیابان لاله کوچه بهار پلاک دوازده",
                  "discountCode": null,
                  "discountAmount": null,
                  "trackingNumber": null,
                  "cancelReason": null,
                  "walletPaidAmount": 0,
                  "gatewayPaidAmount": 10000,
                  "sentAt": null,
                  "createdAt": "2022-10-19T22:34:30.000Z",
                  "updatedAt": "2022-10-19T22:36:39.000Z",
                  "deletedAt": null,
                  "folders": [
                    {
                      "id": 1,
                      "color": "black_and_white",
                      "side": "single_sided",
                      "size": "a4",
                      "countOfPages": 6,
                      "uploadedPages": 2,
                      "binding": null,
                      "countOfCopies": 6,
                      "description": "این یک توضیح است",
                      "shipmentPrice": 20000,
                      "countOfFiles": 1,
                      "filesUrl": "https://google.com",
                      "amount": 10000,
                      "telegramUploadFile": false,
                      "whatsappUploadFile": false,
                      "createdAt": "2022-10-19T21:55:07.000Z",
                      "updatedAt": "2022-10-19T21:55:07.000Z"
                    }
                  ]
                },
                "error": null
              }
            }
          },
          "400": {
            "description": "Bad Request",
            "examples": {
              "application/json": {
                "statusCode": 400,
                "data": null,
                "error": {
                  "message": "این یک خطا است",
                  "details": []
                }
              }
            }
          }
        }
      }
    },
    "/users/orders/id/{id}/cancel": {
      "put": {
        "tags": ["Users Orders"],
        "summary": "update or change order",
        "consumes": ["application/json"],
        "produces": ["application/json"],
        "parameters": [
          {
            "name": "authorization",
            "description": "Bearer Token",
            "in": "header",
            "type": "string",
            "required": true
          },
          {
            "name": "id",
            "in": "path",
            "required": true,
            "type": "string"
          }
        ],
        "responses": {
          "200": {
            "description": "OK",
            "examples": {
              "application/json": {
                "statusCode": 200,
                "data": {
                  "message": "با موفقعیت آپدیت شد"
                },
                "error": null
              }
            }
          },
          "400": {
            "description": "Bad Request",
            "examples": {
              "application/json": {
                "statusCode": 400,
                "data": null,
                "error": {
                  "message": "این یک خطا است",
                  "details": []
                }
              }
            }
          }
        }
      }
    },
    "/users/orders/price-calculator": {
      "post": {
        "tags": ["Users Orders"],
        "summary": "order price calculator",
        "consumes": ["application/json"],
        "produces": ["application/json"],
        "parameters": [
          {
            "name": "authorization",
            "description": "Bearer Token",
            "in": "header",
            "type": "string",
            "required": true
          },
          {
            "in": "body",
            "name": "body",
            "required": true,
            "schema": { "$ref": "#/definitions/UsersOrdersPriceCalculator" }
          }
        ],
        "responses": {
          "200": {
            "description": "OK",
            "examples": {
              "application/json": {
                "statusCode": 200,
                "data": {
                  "discount": null,
                  "userBalance": 20000,
                  "foldersAmount": [10000, 2000],
                  "postageFee": 20000
                },
                "error": null
              }
            }
          },
          "400": {
            "description": "Bad Request",
            "examples": {
              "application/json": {
                "statusCode": 400,
                "data": null,
                "error": {
                  "message": "این یک خطا است",
                  "details": []
                }
              }
            }
          }
        }
      }
    },
    "/users/orders": {
      "post": {
        "tags": ["Users Orders"],
        "summary": "create new order",
        "consumes": ["application/json"],
        "produces": ["application/json"],
        "parameters": [
          {
            "name": "authorization",
            "description": "Bearer Token",
            "in": "header",
            "type": "string",
            "required": true
          },
          {
            "in": "body",
            "name": "body",
            "required": true,
            "schema": { "$ref": "#/definitions/UsersOrders" }
          }
        ],
        "responses": {
          "200": {
            "description": "OK",
            "examples": {
              "application/json": {
                "statusCode": 201,
                "data": {
                  "message": "درخواست شما با موفقعیت ثبت شد"
                },
                "error": null
              }
            }
          },
          "400": {
            "description": "Bad Request",
            "examples": {
              "application/json": {
                "statusCode": 400,
                "data": null,
                "error": {
                  "message": "این یک خطا است",
                  "details": []
                }
              }
            }
          }
        }
      },
      "get": {
        "tags": ["Users Orders"],
        "summary": "find all orders",
        "consumes": ["application/json"],
        "produces": ["application/json"],
        "parameters": [
          {
            "name": "authorization",
            "description": "Bearer Token",
            "in": "header",
            "type": "string",
            "required": true
          },
          {
            "name": "page",
            "description": "set page number",
            "in": "query",
            "type": "int",
            "required": false
          },
          {
            "name": "pageSize",
            "description": "set pageSize",
            "in": "query",
            "type": "int",
            "required": false
          }
        ],
        "responses": {
          "200": {
            "description": "OK",
            "examples": {
              "application/json": {
                "statusCode": 200,
                "data": {
                  "page": 0,
                  "pageSize": 25,
                  "totalCount": 1,
                  "totalPageLeft": 0,
                  "totalCountLeft": 0,
                  "orders": [
                    {
                      "id": 3,
                      "status": "pending",
                      "cancelReason": null,
                      "amount": 15000,
                      "createdAt": "2022-10-19T22:34:30.000Z"
                    }
                  ]
                },
                "error": null
              }
            }
          },
          "400": {
            "description": "Bad Request",
            "examples": {
              "application/json": {
                "statusCode": 400,
                "data": null,
                "error": {
                  "message": "این یک خطا است",
                  "details": []
                }
              }
            }
          }
        }
      }
    },
    "/users/marketing": {
      "get": {
        "tags": ["Users Marketing"],
        "summary": "get user marketing information",
        "consumes": ["application/json"],
        "produces": ["application/json"],
        "parameters": [
          {
            "name": "authorization",
            "description": "Bearer Token",
            "in": "header",
            "type": "string",
            "required": true
          }
        ],
        "responses": {
          "200": {
            "description": "OK",
            "examples": {
              "application/json": {
                "statusCode": 200,
                "data": {
                  "discount": {
                    "totalSales": 0,
                    "benefit": 0,
                    "timesUsed": 0,
                    "data": [
                      {
                        "code": "XCKFR353",
                        "type": "percentage",
                        "value": "5",
                        "active": true,
                        "createdAt": "2022-10-19T21:33:07.000Z",
                        "updatedAt": "2022-10-19T21:33:07.000Z"
                      },
                      {
                        "code": "CXBS1HCY",
                        "type": "percentage",
                        "value": "10",
                        "active": true,
                        "createdAt": "2022-10-19T21:33:07.000Z",
                        "updatedAt": "2022-10-19T21:33:07.000Z"
                      }
                    ]
                  },
                  "referral": {
                    "commission": 10,
                    "slug": "ref=24",
                    "sellCount": 0,
                    "viewCount": 0,
                    "totalSale": 0,
                    "benefit": 0,
                    "createdAt": "2022-10-19T21:33:07.000Z",
                    "updatedAt": "2022-10-19T21:33:07.000Z"
                  }
                },
                "error": null
              }
            }
          },
          "400": {
            "description": "Bad Request",
            "examples": {
              "application/json": {
                "statusCode": 400,
                "data": null,
                "error": {
                  "message": "این یک خطا است",
                  "details": []
                }
              }
            }
          }
        }
      }
    },
    "/users/transactions": {
      "get": {
        "tags": ["Users Transactions"],
        "summary": "get all user transactions",
        "consumes": ["application/json"],
        "produces": ["application/json"],
        "parameters": [
          {
            "name": "authorization",
            "description": "Bearer Token",
            "in": "header",
            "type": "string",
            "required": true
          },
          {
            "name": "page",
            "description": "set page number",
            "in": "query",
            "type": "int",
            "required": false
          },
          {
            "name": "pageSize",
            "description": "set pageSize",
            "in": "query",
            "type": "int",
            "required": false
          }
        ],
        "responses": {
          "200": {
            "description": "OK",
            "examples": {
              "application/json": {
                "statusCode": 200,
                "data": {
                  "page": 0,
                  "pageSize": 25,
                  "totalCount": 2,
                  "totalPageLeft": 0,
                  "totalCountLeft": 0,
                  "transactions": [
                    {
                      "id": 1,
                      "orderId": null,
                      "type": "deposit",
                      "status": "successful",
                      "change": "increase",
                      "amount": 10000,
                      "description": "افزایش موجودی کیف پول",
                      "createdAt": "2022-10-19T22:36:39.000Z",
                      "updatedAt": "2022-10-19T22:36:39.000Z",
                      "deletedAt": null
                    },
                    {
                      "id": 2,
                      "orderId": 3,
                      "type": "order",
                      "status": "unsuccessful",
                      "change": "decrease",
                      "amount": 10000,
                      "description": "ثبت سفارش",
                      "createdAt": "2022-10-19T22:36:39.000Z",
                      "updatedAt": "2022-10-19T22:36:39.000Z",
                      "deletedAt": null
                    }
                  ]
                },
                "error": null
              }
            }
          },
          "400": {
            "description": "Bad Request",
            "examples": {
              "application/json": {
                "statusCode": 400,
                "data": null,
                "error": {
                  "message": "این یک خطا است",
                  "details": []
                }
              }
            }
          }
        }
      }
    },

    "/users/transactions/id/{id}": {
      "get": {
        "tags": ["Users Transactions"],
        "summary": "get one of user transaction from transaction id",
        "consumes": ["application/json"],
        "produces": ["application/json"],
        "parameters": [
          {
            "name": "authorization",
            "description": "Bearer Token",
            "in": "header",
            "type": "string",
            "required": true
          },
          {
            "name": "id",
            "in": "path",
            "required": true,
            "type": "string"
          }
        ],
        "responses": {
          "200": {
            "description": "OK",
            "examples": {
              "application/json": {
                "statusCode": 200,
                "data": {
                  "id": 1,
                  "orderId": null,
                  "type": "deposit",
                  "status": "approved",
                  "change": "increase",
                  "amount": 10000,
                  "description": "افزایش موجودی کیف پول",
                  "createdAt": "2022-10-19T22:36:39.000Z",
                  "updatedAt": "2022-10-19T22:36:39.000Z",
                  "deletedAt": null
                },
                "error": null
              }
            }
          },
          "400": {
            "description": "Bad Request",
            "examples": {
              "application/json": {
                "statusCode": 400,
                "data": null,
                "error": {
                  "message": "این یک خطا است",
                  "details": []
                }
              }
            }
          }
        }
      }
    }
  },

  "securityDefinitions": {
    "bearerAuth": {
      "type": "http",
      "scheme": "bearer",
      "bearerFormat": "JWT",
      "in": "header"
    }
  },
  "definitions": {
    "UsersSubmitPasswordReset": {
      "type": "object",
      "properties": {
        "newPassword": { "type": "string", "example": "09385667274" },
        "passwordResetToken": { "type": "string", "example": "A787878C" }
      }
    },
    "UsersCheckConfirmationPasswordResetCode": {
      "type": "object",
      "properties": {
        "phoneNumber": { "type": "string", "example": "09385667274" },
        "code": { "type": "int", "example": 787878 }
      }
    },
    "UsersPasswordReset": {
      "type": "object",
      "properties": {
        "phoneNumber": { "type": "string", "example": "09385667274" }
      }
    },
    "UsersResendCode": {
      "type": "object",
      "properties": {
        "phoneNumber": { "type": "string", "example": "09385667274" }
      }
    },
    "Cooperation": {
      "type": "object",
      "properties": {
        "phoneNumber": { "type": "string", "example": "09385667274" }
      }
    },
    "ReferralsIncreaseView": {
      "type": "object",
      "properties": {
        "slug": { "type": "string", "example": "ref=123" }
      }
    },
    "ContactUs": {
      "type": "object",
      "properties": {
        "name": { "type": "string", "example": "Programmer Kasra" },
        "phoneNumber": { "type": "string", "example": "09385667274" },
        "message": { "type": "string", "example": "Hi,this is a message !" }
      }
    },
    "UsersOrdersPriceCalculator": {
      "type": "object",
      "properties": {
        "discountCode": { "type": "string", "example": null }
      }
    },
    "UsersDeposit": {
      "type": "object",
      "properties": {
        "amount": { "type": "int", "example": 1000 }
      }
    },
    "UsersWithdrawal": {
      "type": "object",
      "properties": {
        "accountHolderName": { "type": "string", "example": "کسری" },
        "iban": { "type": "string", "example": "123123123123132" }
      }
    },
    "UsersFolders": {
      "type": "object",
      "properties": {
        "color": {
          "type": "string",
          "example": "full_color",
          "enum": ["black_and_white", "full_color", "normal_color"]
        },
        "side": {
          "type": "string",
          "example": "single_sided",
          "enum": [
            "single_sided",
            "double_sided",
            "single_sided_glossy",
            "double_sided_glossy"
          ]
        },
        "size": {
          "type": "string",
          "example": "a4",
          "enum": ["a4", "a3", "a5"]
        },
        "countOfPages": { "type": "int", "example": 6 },
        "countOfCopies": { "type": "int", "example": 6 },
        "description": { "type": "string", "example": "این یک توضیح است" },
        "binding": {
          "type": "object",
          "properties": {
            "type": {
              "type": "string",
              "example": "stapler",
              "enum": ["spring_normal", "spring_papco", "stapler"]
            },
            "method": {
              "type": "string",
              "example": "each_file_separated",
              "enum": [
                "each_file_separated",
                "all_files_together",
                "number_of_file"
              ]
            },
            "coverColor": {
              "type": "string",
              "example": "colorful",
              "enum": ["colorful", "black_and_white"]
            },
            "countOfFiles": { "type": "int", "example": 1 }
          }
        },
        "files": {
          "type": "array",
          "items": { "type": "int", "example": { "id": 1 } }
        }
      }
    },
    "UsersLogin": {
      "type": "object",
      "properties": {
        "phoneNumber": { "type": "string", "example": "09385667274" },
        "password": { "type": "string", "example": "This Is A Passowrd!" }
      }
    },
    "UsersOrders": {
      "type": "object",
      "properties": {
        "addressId": { "type": "int", "example": 1 },
        "discountCode": { "type": "string", "example": null },
        "paidWithWallet": { "type": "bool", "example": true }
      }
    },
    "UsersProfile": {
      "type": "object",
      "properties": {
        "name": { "type": "string", "example": "Kasra Programmer 2" },
        "password": { "type": "string", "example": "This Is A New Passowrd!" }
      }
    },
    "UsersRegisterConfirm": {
      "type": "object",
      "properties": {
        "phoneNumber": { "type": "string", "example": "09385667274" },
        "code": { "type": "int", "example": 787878 }
      }
    },
    "UsersRegister": {
      "type": "object",
      "properties": {
        "phoneNumber": { "type": "string", "example": "09385667274" },
        "name": { "type": "string", "example": "Programmer Kasra" },
        "password": { "type": "string", "example": "This Is A Passowrd!" },
        "referralSlug": { "type": "string", "example": "ref=123" }
      }
    },
    "UsersAddresses": {
      "type": "object",
      "properties": {
        "label": { "type": "string", "example": "خانه" },
        "recipientName": { "type": "string", "example": "کسری تحویل میگیره" },
        "recipientPhoneNumber": {
          "type": "string",
          "example": "09385667274"
        },
        "recipientPostalCode": {
          "type": "string",
          "example": "4675744151"
        },
        "recipientDeliveryProvince": {
          "type": "string",
          "example": "مازندران"
        },
        "recipientDeliveryCity": {
          "type": "string",
          "example": "ساری"
        },
        "recipientDeliveryAddress": {
          "type": "string",
          "example": "خیابان لاله کوچه بهار پلاک دوازده"
        }
      }
    }
  }
}
